{
    "best_params": {
        "hidden_size_disc": 229,
        "hidden_size_gen": 317,
        "lr": 0.00026368215682014276,
        "z_dim": 97,
        "epochs": 3,
        "fs": "rf",
        "feature_size": 594,
        "sim_data_size": 796
    },
    "best_score": 0.7431192660550459
}